Temp,RH,NO2,NO,O3,SO2,PM2.5,Benzene,Toluene,CO,Xylene,NH3,PM10,target
13.6,48.9,113,125,1268,27.64,73.24,168,0,2.6,2,2,141.54,0
13.3,47.7,92,140,972,24.55,83.13,155,1,2,0,0,122.41,0
11.9,54,114,145,1074,29.07,79.84,125,1,2.2,0,0,116.32,0
11,60,122,148,1203,18.59,94.52,161,0,2.2,2,1,130.07,0
11.2,59.6,116,138,1110,39.33,135.99,106,0,1.6,1,3,138.31,0
11.2,59.2,96,100,949,45.76,178.33,122,0,1.2,1,0,111.73,1
11.3,56.8,77,114,733,32.28,139.7,140,0,1.2,0,3,118.65,0
10.7,60,76,160,730,38.54,80.65,145,1,1,1,1,103.88,0
10.7,59.7,60,120,620,58.68,58.36,144,0,0.9,2,0,103.3,0
10.3,60.2,-200,122,501,8.29,79.29,116,1,0.6,1,2,135.65,0
10.1,60.5,34,112,445,25.03,88.7,125,0,-200,1,0,148,1
11,56.2,28,132,422,51.84,74.28,136,1,0.7,1,0,156.97,0
10.5,58.1,48,118,472,68.21,113.93,192,0,0.7,2,0,177.87,1
10.2,59.6,82,140,730,52.65,105.39,122,1,1.1,1,3,163.36,0
10.8,57.4,112,128,1102,28.89,66.52,156,1,2,1,0,156.63,0
10.5,60.6,101,118,1028,38.27,65.04,192,0,2.2,2,0,140.66,1
10.8,58.4,98,140,860,49.5,103.36,142,0,1.7,2,1,153.69,1
10.5,57.9,92,124,671,48.43,177.33,109,1,1.5,1,1,136.34,0
9.5,66.8,95,120,664,50.03,113.25,162,0,1.6,2,0,142.06,1
8.3,76.4,112,140,799,58.87,99.7,165,0,1.9,2,0,119.91,1
8,81.1,128,140,1037,106.93,80.61,155,0,2.9,1,0,134.2,0
8.3,79.8,126,106,946,23.71,100.79,142,0,2.2,2,2,117.51,1
9.7,71.2,131,104,957,39.19,107.99,148,1,2.2,1,0,113.84,1
9.8,67.6,135,135,1104,40.07,140.29,172,0,2.9,2,0,127.56,1
10.3,64.2,151,120,1409,58.41,239.96,173,0,4.8,1,0,124.01,1
9.7,69.3,172,145,1704,43.73,142.96,146,1,6.9,1,0,135.9,0
9.6,67.8,165,130,1654,43.28,238.41,179,1,6.1,2,0,120.77,1
9.1,64,136,136,1285,36.52,118.72,152,0,3.9,2,2,115.46,0
8.2,63.4,85,130,821,49.52,52.99,142,1,1.5,1,1,107.59,0
8.2,60.8,53,180,552,48.49,61.12,117,1,1,1,0,156.33,0
8.3,58.5,97,120,816,67.39,60.78,144,1,1.7,0,0,77.07,0
7.7,59.7,110,120,832,75.23,91.83,162,0,1.9,2,0,103.12,1
7.1,61.8,91,130,692,55.04,93.88,115,1,1.4,1,1,96.84,0
7,62.3,-200,160,512,33.79,173.01,112,1,0.8,1,1,107.15,0
6.1,65.9,32,129,384,25.73,105.45,163,0,-200,2,0,104.64,1
6.3,65,44,150,394,32.66,71.56,147,0,0.6,1,0,72.7,0
6.8,62.9,71,125,487,67.41,119.8,125,1,0.8,2,1,171.87,1
6.4,65.1,104,138,748,80.09,106.71,182,0,1.4,2,0,125.62,1
7.3,63.1,141,128,1400,54.28,118.49,105,1,4.4,1,1,103.64,1
9.2,56.2,-200,128,1588,48.73,106.01,150,0,-200,1,1,152.67,0
13.2,41.7,122,160,1237,35.91,97.34,151,0,3.1,2,0,102.66,1
14.3,38.4,143,120,1167,66.58,83.92,147,0,2.7,1,0,115.42,1
15,36.5,113,130,959,65.91,49.51,169,0,2.1,2,0,97.91,0
16.1,34.5,116,120,983,80.43,30.76,144,0,2.5,2,0,136.54,0
16.3,35.7,123,132,1061,99.72,50.29,166,0,2.7,2,0,109.4,1
15.8,37,126,140,1139,69.71,57.69,178,0,2.9,2,0,102.77,1
15.9,37.2,120,135,1112,73.23,105.06,132,0,2.8,1,0,112.5,1
16.9,34.3,119,178,994,54.7,94.1,165,1,2.4,1,2,117.3,0
15.1,39.6,149,146,1410,43.11,111.89,152,0,3.9,1,1,104.74,1
14.4,43.4,145,117,1448,84.86,108.59,160,1,3.7,2,2,114.84,0
12.9,50.5,170,150,1887,101.53,130.76,162,0,6.6,2,0,96.61,1
12.1,53.3,149,140,1627,84.87,143.55,123,1,4.4,1,0,102.68,0
11,59.1,139,138,1491,62.96,165.07,173,0,3.5,2,4,116.88,1
9.7,64.6,134,120,1657,89.07,166.85,139,0,5.4,1,3,100.89,0
9.5,64.1,113,140,1285,61.54,147.38,111,1,2.7,0,0,80.67,0
9.1,63.9,97,140,1144,32.76,158.25,111,1,1.9,0,0,113.3,0
8.8,63.9,82,120,1043,28.44,237.76,162,0,1.6,1,0,120.12,1
7.8,67.5,-200,130,996,29.48,133.37,180,0,1.7,1,0,128.97,1
7,71.1,83,152,992,39.71,133.3,150,0,-200,1,0,116.84,0
8.3,63.6,65,154,819,62.75,96.04,164,0,1,2,1,109.2,0
7.2,67.5,60,130,835,78.76,77.69,202,0,1.2,2,0,101.6,1
6.3,71.9,77,146,940,29.29,53.07,152,0,1.5,1,1,109.85,1
6.5,71.6,96,100,1192,30.28,63.11,125,1,2.7,1,2,116.7,0
9.6,59.7,119,150,1411,50.35,156.76,157,0,3.7,2,0,114.94,1
12.4,51.2,126,130,1465,38.85,120.96,202,0,3.2,2,0,114.11,1
15.6,42.2,158,170,1583,54.2,138.63,159,0,4.1,1,0,105.78,0
18.4,33.8,161,130,1387,70.29,144.36,152,0,3.6,0,0,120.74,1
19.4,31.3,124,136,1101,64.39,85.03,125,1,2.8,1,0,130.55,0
18,34.8,102,120,850,67.53,134.6,170,0,2,2,0,104.86,1
18.4,33.6,116,160,947,48.33,61.06,145,0,2,0,3,82.63,0
17.6,35.1,124,170,1078,43.62,39.42,140,1,2.5,0,0,202.3,0
16.7,37.8,125,140,1084,59.23,111.86,138,1,2.3,2,1,172.36,0
16.1,41,148,125,1395,58.33,58.37,144,1,3.2,1,1,165.97,0
15.8,42.4,165,140,1612,53.62,95.37,162,1,4.2,2,1,98.91,0
15.7,44.1,161,130,1697,61.31,141.3,150,1,4.2,2,2,98.23,0
15.3,46.8,159,138,1886,66.44,106.68,156,0,4.2,2,0,100.1,1
14.6,48.6,143,124,1624,75.8,109.48,175,0,3.1,2,2,148.04,1
14.7,49.3,130,140,1536,65.77,126.04,144,1,2.6,2,2,89,0
13.9,53.6,129,134,1535,50.98,71.22,158,0,2.9,2,1,50.12,1
14.6,51.5,119,134,1530,64.32,97.87,158,0,2.8,2,1,110.65,1
12.5,58.9,104,140,1337,79.71,63.38,163,0,2.5,1,1,139.31,0
11.6,63.4,-200,118,1278,46.89,75.29,126,0,2.4,2,3,118.95,0
12.1,61.1,82,150,1051,142.36,80.9,147,0,-200,1,0,106.26,0
11.5,63.1,70,138,929,96.28,103.29,173,0,1.2,2,4,153.39,1
11.6,62.2,63,120,872,57.34,107.5,170,0,1,2,0,181.39,1
10.4,67.6,67,120,853,51.58,161.14,170,0,0.9,2,0,199.34,1
11.6,62.7,84,140,959,62.42,102.58,165,0,1.4,2,0,195.84,1
12.4,60,83,174,1093,100.48,138.42,143,1,1.6,1,0,99.59,0
14.5,53.1,98,140,1225,40.36,129.04,160,0,2.2,0,2,50.03,0
16.9,46.1,114,144,1355,38.21,96.65,141,0,2.8,1,2,95.65,0
19.3,38.3,119,108,1262,26.32,126.77,167,0,2.8,2,0,160.82,1
21.2,31.4,104,124,980,35.54,106.15,163,0,2,2,0,175.24,1
21.4,30.2,102,140,872,87.43,86.31,144,1,1.8,2,2,184.48,0
21.9,29,107,120,900,66.39,83.99,144,1,1.9,0,0,117.04,0
22.2,28.4,129,128,1099,59.16,65.11,140,0,3,2,0,75.1,1
21.3,30.8,128,138,1206,34.53,51.03,152,1,2.9,1,0,143.82,1
19.7,36.7,121,128,1262,8.08,38.73,159,0,2.5,2,1,134.58,1
18.4,41.7,157,123,1698,17.66,61.12,95,1,4.6,1,2,184.17,0
17.6,46.1,173,110,1905,15.84,58.44,158,0,5.9,2,2,138.91,0
16.7,49.6,146,140,1648,25.9,61.49,116,0,3.4,1,0,151.31,1
16.3,51,121,122,1423,13.59,65.39,165,0,2.1,1,0,176.7,1
14.7,55.9,119,150,1349,41.06,100.92,173,0,2.2,2,1,182.75,1
14.8,54.7,99,108,1250,31.56,97.48,156,0,1.8,2,0,142.75,1
14,57,93,138,1174,46.6,129.27,156,0,1.8,2,0,119.98,1
13.4,61.3,88,118,1149,79.56,129.58,190,0,1.8,1,0,164.31,1
12.6,63.5,-200,110,1021,50.09,100.57,118,1,1.1,1,1,142.29,0
12.3,65.4,71,140,1013,13.85,130.34,173,1,-200,2,0,88.66,0
11.9,67.4,74,120,1010,24.79,53.24,103,0,1,1,1,93.7,0
11.4,70.5,80,152,1083,76.05,42,181,0,1.4,2,0,118.21,0
11.3,70.2,89,110,1235,65.44,50.1,108,1,2.2,1,1,111.11,0
12.4,63.9,114,110,1680,85.42,83.69,177,0,5.5,2,1,87.45,0
14.8,54.3,149,142,2184,74.37,38.88,111,1,8.1,2,0,69.07,1
17.4,45.6,157,130,1973,118.35,46.89,150,1,5.8,2,2,82.81,0
19.8,38.5,155,110,1798,41.94,70.96,143,1,4.2,1,1,86.22,0
22,34.1,134,126,1522,77.74,53.66,134,0,3.1,1,1,69.01,0
23.3,32.2,119,145,1404,78.27,45.49,146,1,2.9,1,0,80.39,0
23.9,30,111,130,1263,39.41,60.86,147,0,2.9,1,1,77.28,0
24.4,28.9,104,120,1137,93.18,51.93,120,1,2.5,1,0,59.41,0
24.4,29.4,99,130,1068,65.95,77.87,202,0,2.3,2,0,69.84,1
23.8,31.3,110,120,1252,50.13,57.59,162,0,2.8,2,0,69.26,1
22.5,35.4,162,108,1843,34.06,77.22,156,0,6.1,2,0,196.25,1
20.4,42.5,187,120,2122,22.27,45.29,144,1,8,0,0,36.76,0
18.3,52.6,165,145,1992,15.5,103.78,142,1,6.5,1,2,33.28,0
16.7,57.4,145,140,1707,20.13,25.14,157,0,4.2,2,1,43.11,1
15.7,60.2,125,120,1494,39.69,87.03,140,1,3.2,1,1,171.53,0
15.3,61.4,101,150,1164,54.69,89.6,171,0,1.4,2,0,107.96,1
14.1,65.7,103,120,1272,42.66,80.69,151,0,2.1,1,0,102.31,1
14.8,60.6,88,130,1040,27.96,44.75,152,0,1.2,0,0,126.48,1
14.8,59.2,61,138,867,31.9,38.11,169,0,0.8,2,4,133.78,1
13.6,62.1,-200,140,826,36.05,45.5,148,0,0.7,1,0,55.41,1
12.3,66.2,59,150,840,70.13,36.98,171,0,-200,2,0,73.22,1
12.8,63.2,52,130,793,17.66,43.58,149,0,0.6,2,0,85.77,1
11.2,68.5,64,135,870,38.76,45.49,132,0,0.9,1,0,108.29,1
11,66.5,70,129,930,52.07,38.06,163,0,1.3,2,0,89.47,1
11.7,63.7,97,108,1407,36.23,45.41,156,0,3.4,2,0,103.64,1
13.6,56.3,95,170,1507,17,37.71,146,1,3.7,1,2,59.29,0
17.8,42.9,150,132,1843,30.67,32.37,166,0,5.3,2,0,40.35,1
21.4,33.3,162,180,1729,41.12,34.74,154,1,4.1,2,0,48.65,1
24.4,27.4,154,138,1583,26.4,32.56,156,0,3.3,2,0,44.65,1
25.3,26.1,161,110,1671,41.96,29.28,153,0,4,2,0,34.95,1
25.8,23.2,161,152,1491,23.67,20.46,88,1,3.8,1,1,56.01,0
27,20.2,128,124,1240,14.46,26.07,136,1,2.8,1,0,106.2,0
28.2,18.6,129,134,1313,12.85,21.43,145,0,2.9,1,2,126.9,0
28,19.1,133,118,1363,14.91,11.91,174,0,2.9,2,0,127.47,1
23.9,25.7,139,112,1296,15.33,57.75,143,0,3.4,2,0,138.99,1
21.3,34.8,137,110,1432,46.82,66.39,114,1,3.9,1,0,117.69,0
20.4,36.7,143,120,1432,41.68,62.61,157,0,3.2,2,0,155.39,1
19,41.3,177,110,2034,71.97,47.5,158,0,5.1,2,0,153.75,0
17.9,45.9,138,152,1602,18.64,111.8,178,0,2.6,1,0,195.19,1
16.7,48.9,117,140,1362,7.76,30,182,0,1.7,2,0,188.14,1
15.5,52.9,107,114,1314,38.05,4.66,140,0,1.7,0,3,153.84,0
15.5,51.9,90,192,1114,23.84,48.72,195,0,1.2,2,1,212.8,0
14.1,55.6,79,125,992,48.05,49.7,171,0,0.9,2,2,335.86,0
13.1,57.9,-200,120,884,39.85,48.1,147,0,0.7,1,0,231.88,1
12.7,57.9,60,130,808,9.89,47.43,132,1,-200,2,3,208.83,0
11.8,58,40,108,667,3.13,51.74,156,0,0.5,2,0,188.75,1
11.9,57.4,53,140,733,0.76,42.68,178,1,0.5,2,0,175.79,1
9.9,65.2,84,120,1052,0.52,38.45,147,0,1.6,1,0,174.56,1
11.1,60.2,108,115,1534,1.02,46.69,160,0,4.1,1,0,154.68,1
14.1,50,127,120,1931,0.81,55.27,182,0,6.6,2,0,129.36,1
17.7,40.1,134,125,1734,1.05,149.03,162,1,4.3,2,3,118.57,0
21.1,33.4,135,100,1595,0.74,86.57,143,1,2.9,1,0,128.62,1
24.3,28.3,142,125,1490,0.87,111.77,162,1,2.5,2,3,83.85,0
25.6,25.6,153,124,1508,2.17,151.4,166,0,2.8,1,0,106.77,0
25.9,25.9,123,125,1334,4.11,51.35,144,1,2.6,1,1,148.8,0
26.8,18.7,104,170,1045,4.04,65.37,140,1,2,0,0,108.91,0
29.3,15.8,129,132,1221,4.01,56.28,105,1,2.9,1,1,81.3,0
28.5,14.9,114,120,1069,5.62,48.17,163,1,2.5,2,0,158.06,1
25.9,16,158,130,1569,4.1,33.56,162,0,5,2,1,93.24,1
23.1,26.5,194,112,2306,4.99,31.3,138,0,7.6,1,0,52.97,1
20.5,38.2,182,150,2359,10.86,48.12,171,0,6.7,2,0,135.53,1
19.1,42.6,180,130,2050,12.28,57.11,103,1,5.7,0,0,145.88,0
17.2,44.1,136,120,1727,11.09,34.72,169,0,2.8,0,0,111.98,1
16,50.9,127,94,1705,12.31,29.22,179,0,2.6,2,0,69.15,1
14.8,53.9,116,110,1551,13.91,29.79,126,1,2.3,1,1,112.61,0
14.3,55.4,107,200,1240,5.27,59.95,133,1,1.4,0,2,131.73,0
14.8,52.1,88,130,1115,8.09,19.2,103,1,1,0,0,171.65,0
13.9,53.9,-200,120,969,7.31,19.52,96,1,0.7,0,1,79.47,0
11.6,61.9,78,110,925,5.72,35.16,177,0,-200,2,1,92.32,0
12,58.9,57,134,828,6.78,33.03,150,1,0.6,1,2,107.67,0
10.9,62.1,71,140,893,9.33,40.95,144,1,0.7,2,2,133.46,0
10.6,63.3,85,110,1075,7.93,40.29,144,1,1.5,1,0,170.94,1
11.5,60,124,140,1610,10.05,41.16,170,0,4.7,1,2,217.53,0
14.3,50.6,151,130,2051,10.87,36.12,150,0,6.6,2,0,145.34,1
17.8,40.5,150,128,1819,10.28,28.51,170,0,4.5,2,0,116.2,1
20.8,34.4,152,165,1568,10.25,31.59,124,0,2.8,1,3,94.58,0
23.8,28.2,139,110,1374,12.7,42.56,114,1,2.2,1,0,133.55,0
24.2,28.7,133,125,1268,10.07,48.12,144,1,2.2,1,1,78.4,0
25.2,24.9,126,130,1144,11.09,37.09,147,0,2.3,1,1,94.91,0
27,17.8,128,125,1109,7.73,33.4,131,1,2.2,1,0,85.17,0
27.1,23.1,169,112,1347,7.8,38.64,179,0,2.8,2,0,93.8,1
25.8,23.9,149,130,1206,10,40.49,163,0,2.7,2,0,91.22,1
23,26.8,156,115,1397,16.31,41.37,160,0,3.7,1,0,95.86,1
20.7,31.1,168,160,1588,18.93,44.56,131,0,5.1,1,1,104.2,1
18.6,36.2,176,160,1569,18.99,65.68,108,1,5.1,1,3,98.67,0
16,48.4,135,150,1322,11.28,33.34,157,0,3.2,2,0,106.75,1
14.5,57.8,121,100,1194,10.29,39.17,156,0,2.1,2,1,101.44,0
13.1,64.2,99,115,1062,1.28,34,185,0,1.7,2,0,108.89,1
12,69.7,106,102,1040,14.58,36.38,160,0,2,2,1,89.99,1
11.9,71.1,96,144,917,13.62,38.35,126,1,1.6,1,0,87.26,0
12.5,69.3,63,124,594,13.58,38.5,163,0,0.9,2,0,86.39,1
12.5,67.5,-200,118,430,15.11,39.61,174,0,0.7,2,0,79.08,1
12.3,67.7,32,152,397,11.52,61.79,178,0,-200,1,0,76.39,1
12.5,66.8,28,170,370,11.23,43.22,155,0,0.5,1,0,83.5,1
12.3,66.3,61,146,438,11.56,33.41,152,0,0.7,1,1,99.48,1
12.4,64.9,99,148,704,14.7,36.9,178,0,1.5,2,2,121.86,1
13,61.6,157,126,1476,12.95,36.36,134,0,4.8,1,1,122.33,0
13.6,58.8,166,112,1716,19.8,32.64,179,0,6.2,2,0,157.33,1
13.9,57.1,149,138,1398,8.27,38.23,173,0,4,2,4,135.81,1
14.5,54.4,135,120,1268,13.48,39.86,103,0,3.3,1,1,123.59,0
15.5,50.1,127,120,1188,13.62,72.74,194,0,2.8,0,0,143.98,1
16.1,47.6,122,100,1171,5.69,43.2,125,1,3,1,2,118.19,0
16.3,47.1,135,150,1250,9.23,63.2,128,0,3.3,1,0,116.84,0
16.4,47.5,139,130,1344,6.28,64.73,162,0,3.5,2,1,92.57,1
16.1,50.2,147,128,1378,6.77,65.28,170,0,4,2,0,99.3,1
16,50.7,158,130,1435,8.66,67.86,171,0,4.6,2,0,93.92,1
15.8,50.3,146,135,1372,9.95,52.4,127,0,4.1,1,1,89.73,0
15.5,50.6,144,120,1471,9.74,33.33,182,0,4.5,2,0,102.4,1
15.4,51.4,138,140,1439,8.92,29.52,120,1,3.9,1,2,116.1,0
15.2,53.1,143,122,1429,11.73,15.53,116,1,4,1,2,155.63,0
14.7,57.6,116,130,1081,11.23,57.51,174,0,2.2,1,1,163.95,0
14.2,58.3,109,130,993,8.21,50.24,147,0,2.1,1,1,121.71,0
13.8,57.9,92,110,837,6.41,61.77,144,1,1.7,1,0,104.08,1
13.9,55.9,83,94,761,9.17,46.93,179,0,1.6,2,0,97.02,1
13.9,55.6,81,140,650,9.64,43.01,186,1,1.3,2,0,95.51,1
13.8,55.1,-200,150,591,10.65,42.06,165,0,1.3,2,0,98.1,1
13.8,54.6,55,118,505,9.33,44.94,126,0,-200,2,3,95.25,0
13.6,55.1,53,118,518,10.37,29.58,149,0,0.8,1,1,83.69,1
13.6,59,67,128,571,10.76,32.15,184,0,0.8,2,0,85.68,1
13.5,58.4,91,178,842,12.39,36.33,165,1,1.1,1,2,89.41,0
13.8,58,113,125,1145,11.68,24.46,171,0,2.1,2,2,115.57,0
14.6,53.1,102,120,1218,12.96,27.08,178,0,2.4,2,0,126.67,1
15,52.3,107,125,1341,4.73,59.29,141,1,2.6,1,1,131.62,0
15.4,52.1,113,126,1406,8.86,65.32,163,0,2.8,2,0,128.86,1
16.3,50,108,130,1422,7.05,47.39,163,0,2.6,2,0,128.99,1
17.1,47.9,105,170,1373,10.9,43.88,155,0,2.6,1,0,138.47,1
19,42.9,93,118,1153,10.02,28.35,126,0,2.1,2,3,110.41,0
19.5,42.3,87,124,927,4.23,3.59,141,0,1.7,2,0,109.44,0
19.5,42.3,76,117,766,5.96,3.04,160,1,1.6,2,2,161.09,0
19.1,43.8,94,150,941,3.69,19.14,154,1,2.1,1,0,118.44,0
18.5,46.3,110,132,1146,6.45,69.12,159,1,2.3,2,1,93.4,1
17.4,51.6,136,152,1417,6.13,76.41,150,0,3.5,1,0,108.83,0
17.1,51.3,139,138,1442,8.87,102.49,173,0,3.9,2,4,109.98,1
16.4,53.8,125,140,1323,9.89,127.94,155,0,3.3,1,0,152.94,0
16.2,55.4,111,125,1125,6.88,87.18,166,0,2.3,1,0,143.84,1
15.9,57.7,97,130,1036,8.56,99.73,188,0,2.1,2,0,44.53,1
15.7,58.6,107,192,1202,15.13,84.15,195,0,2.8,2,1,90.4,0
15.1,60.9,90,140,1054,8.73,92.12,120,1,2.1,1,2,79.32,0
15.6,56.6,84,138,903,11.63,94.02,152,0,1.6,1,0,219.84,1
15.2,57.9,-200,130,885,8.1,150.27,150,0,1.6,2,0,106.43,1
15.4,57.8,87,110,818,7.92,118.91,118,1,-200,1,1,79.23,0
14.9,60.6,66,112,700,11.58,91.41,138,0,1.1,1,0,82.86,1
14.5,63,36,132,580,11.63,95.9,132,1,0.7,1,1,123.03,0
14.2,66.2,62,165,815,5.85,137.87,124,0,0.8,1,3,121.82,0
14.5,65.3,91,120,1035,8.82,90.71,130,1,1.2,1,0,88.47,0
15.3,62.1,89,140,1067,9.2,108.68,157,0,1.4,1,0,96.12,1
16.3,59,93,138,1114,8.28,98.79,182,0,1.7,2,0,132.46,1
18.9,49.6,81,180,1000,12.59,145.75,154,1,1.8,2,0,191.09,1
19.4,46.1,82,120,906,9.51,179.43,182,1,1.8,1,0,85.43,0
20.8,41.6,80,120,822,5.98,170.52,151,0,1.9,1,0,66.54,1
21.4,40.3,48,120,610,3.69,203.4,169,0,1.3,2,0,73.99,1
21.2,39.3,61,150,657,7.72,92.71,165,0,1.6,2,0,92.88,1
20.3,38,89,122,647,4.83,64.66,186,0,1.9,2,0,109.84,1
19.4,41.3,105,132,762,7.47,78.14,166,0,2.3,2,0,125.19,1
18.5,43.8,116,170,1122,9.6,100.17,146,1,3.8,1,2,97.67,0
17.8,48.1,119,104,1130,13.73,147.35,148,1,3.5,1,0,106.14,1
17.9,46.9,144,123,1637,10.96,206.89,95,1,4.3,1,2,127.97,0
17.4,49.1,123,120,1272,15.63,114.84,71,0,2.8,1,0,137.39,0
17,51.7,105,132,1098,15.44,89.64,173,0,1.9,2,2,121.52,0
16.4,55.1,93,110,1066,27.32,51.72,130,0,1.9,2,1,127.71,1
16.1,60,86,110,909,25.59,54.59,161,0,1.7,2,0,160.18,1
15.8,60.5,76,120,818,6.98,46.5,173,0,1.5,2,0,124.4,1
16.3,57,33,138,472,32.74,122.54,152,0,0.6,1,0,116.45,1
16.9,53.9,-200,110,394,19.37,147.18,108,1,0.4,1,1,145.12,0
16.1,55.9,27,160,396,31.75,214.67,138,0,-200,2,0,164.2,1
16.5,53.9,23,130,378,24.88,207.13,103,1,0.3,0,0,182.12,0
16.4,54,46,132,432,26.35,191.01,168,1,0.6,2,0,116.51,1
15.7,57.6,76,130,699,79.47,192.35,188,0,1.2,2,0,136.02,1
15.8,53.7,116,160,1252,25.44,127.64,145,1,3.6,1,1,124.36,0
17.4,42.1,115,105,1237,30.06,33.02,168,0,3.7,2,1,147.78,1
17.9,38.4,83,130,772,21.89,27.29,175,0,1.8,1,0,163.52,1
18.5,36.7,87,122,766,17.89,41.43,174,0,1.6,2,0,217.94,1
21,29.6,90,130,829,22.59,30.16,172,0,1.9,2,0,164.24,1
21.3,28.1,87,110,783,26.09,29.42,144,1,2,1,0,133.31,1
21.3,26.1,99,132,822,24.66,20.87,173,0,2.2,2,2,97.03,0
21.3,26.8,99,110,813,39.15,35.08,130,0,2.1,2,1,104.74,1
21.3,24.2,101,140,813,34.03,40.23,133,0,2.3,2,0,141.39,1
20.2,28.5,103,160,850,94.3,54.25,162,0,2.6,2,2,193.22,1
17,43.1,129,120,1276,42.08,49.04,172,0,3.8,2,0,242.98,1
15.6,47.4,143,152,1401,34.4,35.87,181,0,4.4,2,0,177.11,0
15.3,47.4,146,138,1356,44.91,46.3,169,0,4.5,2,4,169.52,1
14.5,49.7,124,128,1243,27.73,39.15,130,1,3.3,1,2,136.6,0
13.9,52,113,150,1083,46.09,45.3,137,1,2,1,0,123.32,1
14.5,49.4,80,150,795,20.47,43.61,157,0,1.1,2,0,149.92,1
13.8,51.4,72,200,735,22.94,34.89,133,1,0.9,0,2,155.65,0
14,51.3,64,100,684,44.92,38.13,125,1,0.8,1,2,125.88,0
13,56.8,70,120,714,37.31,36.47,71,0,0.7,1,0,115.5,0
11,70,-200,150,456,19.08,40.9,111,1,0.5,2,0,128.08,0
10.1,76.8,31,122,401,13.73,34.19,174,0,-200,2,0,140.9,1
8.8,80.5,22,120,361,1.38,32.92,172,0,0.3,2,0,85.35,1
9.6,75.4,47,105,418,1.61,41.39,172,0,0.5,2,0,90.26,1
9.8,75,88,94,616,1.7,31.71,154,1,1.1,2,1,94.36,1
10,74.2,130,132,1089,1.6,33.48,166,0,3,2,0,80.79,1
11.2,69.7,132,145,1329,1.57,30.8,142,1,3.8,1,2,114.05,0
12,62.9,132,136,1311,1.6,30.47,169,0,3.4,1,0,97.7,1
12.8,55.8,131,120,1236,1.63,34.64,99,1,3,1,2,111.46,0
13.1,54.8,129,118,1147,1.69,43.71,149,0,2.7,1,1,115.8,1
13.8,53.4,132,120,1301,1.42,46.52,170,0,3.5,2,0,90.32,1
16,42.4,110,126,1097,1.44,36.54,134,0,2.8,1,1,112.92,0
14.1,49.8,99,140,900,1.53,36.87,153,0,1.9,1,0,124.58,1
12,61.1,100,120,781,1.8,46.19,140,1,2,1,1,162.86,0
13.6,54.6,122,130,1013,1.4,48.44,150,1,3,2,2,109.06,0
13.7,49.5,97,160,790,0.9,40.18,112,1,1.9,1,1,132.17,0
11.7,57.1,112,120,1059,1.32,33.5,121,1,2.7,2,1,122.17,1
11.5,58.2,128,140,1205,14.6,29.36,178,1,3.3,2,0,112.32,1
12.6,54.2,101,148,975,23.13,44.59,178,0,1.7,2,2,98.52,1
12,54.9,96,140,896,19.01,50.65,133,0,1.3,2,0,91.38,1
11,61.4,86,135,911,17.01,33.93,172,0,1.3,2,0,91.12,1
11.1,62.2,85,140,902,14.17,43.9,162,1,1.2,2,1,37.12,0
10.8,62.5,79,128,832,14.66,93.34,115,0,1.1,2,0,72.43,1
11.3,60,61,130,715,15.75,38.06,143,0,0.9,1,0,75.48,1
10.6,61.6,-200,130,683,15.47,20.19,139,0,0.6,2,0,89.1,1
10.2,62.7,66,142,721,14.26,10.45,147,1,-200,1,3,98.96,0
10.9,58.6,54,160,648,17.02,29.87,120,1,0.6,1,3,86.06,0
10.8,57.2,57,130,612,15.8,60.18,180,0,0.8,1,0,88.12,1
10.4,59.2,75,140,800,15.07,85.1,153,0,1.2,1,0,87.96,1
11,57.3,97,192,1173,15.37,55.55,195,0,3.1,2,1,84.83,0
11.2,56.9,110,150,1519,15,170.22,112,1,4.4,1,1,87.96,0
12.1,54.9,113,130,1287,16.78,35.05,109,0,3.4,1,3,95.3,0
15.1,44.3,88,128,966,13.74,37.68,115,0,1.7,2,0,104.5,1
15.6,40.6,85,120,828,14.31,32.78,170,0,1.5,2,0,90.07,1
16.9,34.6,96,108,825,15.67,53.5,169,1,1.7,1,2,89.74,0
16.6,35.6,106,130,872,14.63,48.24,187,0,2.2,0,0,78.56,1
11.3,63.9,91,110,680,14.95,63.27,158,0,-200,1,0,74.99,1
9.6,81.1,126,130,1002,15.31,40.43,132,1,2.7,1,2,72.83,0
11.7,69.1,130,150,1159,14.18,31.15,111,1,2.8,2,0,61.54,0
10.7,68.5,111,150,979,13.06,33.76,173,0,2.7,2,1,72.09,1
10.7,67.3,134,125,1311,19.54,35.95,152,0,4.5,0,1,64.81,1
10.8,65.7,136,130,1071,14.6,58.07,142,1,3.5,1,1,81.47,0
10.3,66.3,125,130,899,23.13,46.04,144,1,2.6,2,1,76.25,0
10.1,66.9,108,138,766,19.01,52.27,173,0,1.7,2,4,107.31,1
10.4,61.1,87,120,589,17.01,46.68,169,0,1.3,2,0,65.12,1
10.3,59.9,89,155,631,14.17,44.59,148,0,1.3,2,0,77.98,1
11,58.4,58,172,479,14.66,30.81,162,0,1,2,0,73.99,1
9.1,68.1,54,120,479,15.75,47.67,182,0,0.7,2,0,94.34,1
9.5,68.2,-200,160,417,15.47,35.69,120,1,0.7,1,3,81.09,0
9.3,72.3,28,150,378,14.26,36.44,128,0,0.5,1,0,82.36,0
9.9,66.8,20,108,344,17.02,33.83,167,0,0.5,2,0,70.48,1
7.6,83.2,51,132,413,15.8,34.23,143,1,0.6,1,4,73.35,0
8.1,79,82,130,605,15.07,52.15,97,0,1.1,1,1,81.16,0
8.7,74.6,112,120,991,15.37,35.99,151,0,2.7,1,0,87.41,1
8.6,75.1,119,144,1175,15,37.93,126,1,3.5,1,0,76.73,0
9.7,69.7,99,110,923,16.78,31.94,143,1,2.3,1,1,74.38,0
11,64.4,98,110,829,13.74,18.04,126,1,1.6,1,0,89.91,1
13.6,53,88,124,733,14.31,27.9,141,0,1.3,2,0,63.23,0
14.2,48.4,96,138,819,15.67,36.51,152,1,2,1,0,62.1,1
14.2,46.3,81,164,723,14.63,55.71,90,0,1.9,1,2,69.88,0
16,41.3,92,160,786,14.95,57.01,108,1,1.9,1,3,134.83,0
17.7,35.4,105,134,850,15.31,53.94,162,0,2.2,2,2,79.38,0
17.1,37.4,88,128,820,14.18,49.34,115,0,2,2,0,75.08,1
14.9,40.5,103,122,991,13.06,42.22,186,0,2.9,2,0,66.34,1
13.4,47.8,141,130,1454,19.54,39.43,146,0,5.2,1,3,74.56,1
12.6,52.5,133,122,1488,14.6,42.33,165,0,4.6,1,0,62.14,1
12.2,53.2,119,130,1205,23.13,26.75,173,0,2.5,2,3,66.1,1
10.6,56.1,106,130,909,19.01,34.16,174,0,1.5,1,1,69.06,0
9.9,59.5,92,130,769,17.01,30.07,173,0,1.2,2,3,67.28,1
9.6,61.1,97,112,835,14.17,25.54,165,0,1.7,1,1,64.39,0
9.7,61.6,91,110,793,14.66,38.47,168,0,1.4,0,0,78.8,0
9.4,62.6,83,105,733,15.75,42.55,154,1,1.2,1,0,107.68,1
8.2,68.5,-200,110,502,15.47,38.1,123,0,0.6,2,0,63.5,1
8,69.4,59,132,562,14.26,27.22,136,1,0.7,1,0,61.13,0
7.7,72.4,73,132,832,17.02,41.81,132,1,0.8,1,1,56.9,0
8,71.8,78,110,924,15.8,75.03,158,0,0.9,1,0,82.26,1
8.5,66.3,90,120,974,15.07,30.48,160,0,1.6,1,0,84.99,0
9.8,59.6,110,142,1307,15.37,75.06,160,1,3.4,0,0,90.28,1
11.2,57,114,160,1481,15,85.36,138,0,3.8,2,0,82.26,1
14.8,44.1,119,140,1405,16.78,124.97,164,1,3.1,2,0,67.79,1
16.8,35.3,121,130,1195,13.74,86.63,122,0,2.7,1,2,70.95,1
19.2,27.1,97,120,868,14.31,70.34,71,0,2,1,0,99.14,0
19.1,26.2,99,118,874,15.67,50.49,190,0,2.3,1,0,89.65,1
16.3,30.8,85,146,738,14.63,42.25,105,0,1.9,1,1,86.02,0
14.2,36.8,75,132,550,14.95,48.23,173,0,1.3,2,2,81,0
13.4,41,87,110,777,15.31,138.94,142,1,1.9,1,1,66.36,0
14.2,43.3,102,150,966,14.18,155.68,111,1,2.3,2,0,67.92,0
12.1,45.6,105,126,990,13.06,120.35,156,1,2.4,2,0,312.28,0
10.4,48,98,110,944,19.54,140.81,123,0,2.7,2,0,173.4,1
10,51.1,93,120,962,14.6,87.09,173,0,2.6,1,0,586.27,1
9.8,50.8,91,125,778,23.13,83.57,162,1,1.5,2,3,84.25,0
9.7,50.4,85,120,690,19.01,75.41,96,1,1.2,0,1,88.9,0
9.9,50.2,74,145,644,17.01,106.86,150,0,1.1,0,0,65.77,1
9.4,53.4,87,136,753,14.17,96.53,152,0,1.5,2,2,69.5,0
8.6,57.8,79,110,646,14.66,76.96,132,0,1,1,0,70.97,0
8.1,62.1,78,110,838,15.75,73.05,123,0,1.2,2,0,81.73,1
7.9,63.5,-200,160,851,15.47,72.52,145,0,1.1,0,3,94.06,0
7.4,64.8,63,130,801,14.26,109.22,132,1,-200,2,3,66.21,0
8.2,58.9,48,146,665,17.02,122.63,152,0,0.8,1,1,93.89,1
6.3,66.6,59,180,717,15.8,214.36,150,1,0.9,1,0,62.28,0
7.2,62.9,65,110,795,15.07,381.69,114,1,1.1,1,0,87.14,0
7.2,63.9,71,160,936,15.37,182.59,138,0,1.5,2,0,92.72,1
11.1,50.5,84,145,1076,15,271.85,150,0,1.8,0,0,94.09,1
15.5,36.1,93,120,1016,16.78,230.76,139,0,2.1,1,3,11.5,0
17.8,29.2,99,112,834,13.74,203.3,125,0,2.1,1,0,89.23,1
17.6,30.1,93,156,756,14.31,152.03,143,0,1.9,2,0,135.16,1
19.1,26.8,96,105,766,15.67,176.02,172,0,2.1,2,0,120.7,1
17.7,28.6,114,140,905,14.63,109.16,138,1,2.5,2,1,138.12,0
17.8,28.4,101,130,765,14.95,126.57,142,1,1.9,1,1,98.37,0
18.7,26,108,140,830,15.31,59.26,165,0,2.2,2,0,88.99,1
17.1,31.3,117,100,853,14.18,51.72,156,0,2.3,2,1,95,0
15.8,36.1,125,138,981,13.06,67.4,152,1,2.7,1,0,142.43,1
14.7,40.1,133,150,1286,19.54,79.49,147,0,3,1,0,150.65,0
13.6,44.9,119,105,1244,14.6,112.25,168,0,2.8,2,1,118.67,1
12.5,48.1,107,125,1056,23.13,133.07,144,1,2.2,1,1,88,0
11.8,50.8,96,150,1003,19.01,93.96,112,1,1.6,1,1,127.98,0
10.9,56.1,105,130,1245,17.01,93.7,109,0,2.1,1,3,121.1,0
10.9,55.9,102,170,1200,14.17,96.65,159,0,2.3,1,0,97,0
10.3,58.1,97,130,1188,14.66,107.09,172,0,2.3,2,0,47.91,1
9.3,62.2,79,125,1070,15.75,119.02,152,0,1.7,0,1,38.66,1
8.2,66.7,-200,138,1075,15.47,83.86,169,0,2.2,2,4,46.68,1
8.3,64.9,69,124,895,14.26,72.67,163,0,1.3,2,0,50.83,1
9.6,58.5,52,160,755,17.02,94.32,151,0,0.8,2,0,41.03,1
7.7,66.4,62,128,806,15.8,89,159,0,1.1,2,1,35.04,1
7.4,68,69,102,836,15.07,85.35,122,0,1.4,1,0,35.75,1
9.7,58.6,75,120,897,15.37,101.25,163,1,1.3,2,0,41.51,1
12.5,50.1,83,136,1073,15,90.02,152,0,1.9,2,2,53.59,0
16.8,36.9,94,142,1088,16.78,119.17,147,1,2.3,1,3,44.02,0
19.2,31.3,96,130,1036,13.74,207.19,142,1,2.3,1,0,60.05,0
21.3,26.4,86,160,768,14.31,148.83,163,0,1.8,2,1,40.33,1
21.2,23.1,72,150,587,15.67,85.32,174,0,1.4,2,0,41.55,1
18.6,25,53,132,452,14.63,143.07,143,1,1,1,4,56.65,0
18,27.3,65,108,470,14.95,140.88,152,0,1.4,2,0,62.86,0
18.2,28.3,70,152,502,15.31,99.77,150,0,1.3,1,0,62.7,0
17,31.4,75,150,516,14.18,119.99,114,0,1.3,1,3,53.86,0
15.6,35,86,102,555,13.06,111.92,160,0,1.4,2,1,60.03,1
14.1,40.2,94,130,671,19.54,96.51,187,0,1.9,0,0,41.95,1
13.4,43.2,103,112,788,14.6,80.52,172,1,1.8,2,0,48.07,1
12.3,46.8,81,120,538,23.13,92.8,163,1,1.1,2,0,33.9,1
11.9,46.5,80,174,544,19.01,102.26,143,1,1.1,1,0,49.19,0
11.5,46.6,77,120,500,17.01,108.19,129,1,1.1,1,2,48.66,0
10.6,48,58,130,417,14.17,93.87,179,0,0.9,2,0,39.84,1
10.7,45.8,31,120,341,14.66,109.53,160,0,0.6,1,0,41.95,0
10.4,46.6,38,150,352,15.75,79.34,154,1,0.5,1,0,33.51,0
10.1,47.8,-200,140,397,15.47,93.05,170,0,0.7,1,2,43.65,0
11.3,46.9,59,152,502,14.26,85.51,88,1,0.6,1,1,42.17,0
10.1,51.2,70,150,648,17.02,80.89,174,0,0.7,2,0,31.74,1
9.9,50.7,75,130,760,15.8,58.62,179,0,0.9,2,0,45.79,1
8.1,56.8,103,128,1183,15.07,68.53,184,0,2.9,2,0,45.39,1
10.9,44.1,134,130,1431,15.37,81.38,173,0,4.1,2,3,35.53,1
11.8,37.6,98,160,705,15,56.54,145,1,1.5,1,1,27.32,0
13.9,33.2,97,120,637,16.78,74.08,157,0,1.5,2,0,33.24,1
15.6,30.1,98,112,658,13.74,62.76,160,0,1.5,2,1,49.81,0
16.5,29,78,150,546,14.31,86.09,154,0,1.4,1,3,48.87,0
17.5,27.9,83,134,561,15.67,59.74,162,0,1.6,1,0,28.06,1
17.9,26.8,92,178,532,14.63,87.13,165,1,1.5,1,2,19.85,0
18.2,26.1,81,134,535,14.95,52.15,162,0,1.4,1,0,25.12,1
18,27.1,90,150,525,15.31,67.51,114,0,1.5,1,3,14.73,0
17,28.9,95,160,603,14.18,70.08,131,0,1.9,1,1,18.9,1
16.1,31.3,114,108,802,13.06,86.9,152,0,2.5,2,0,20.94,0
14.5,35.4,106,138,796,19.54,77.34,152,0,2.1,1,0,11.26,1
13.2,37.9,99,150,689,14.6,65.93,171,0,1.6,2,0,14.56,1
13.1,34.4,90,140,553,23.13,66.58,186,1,1.2,2,0,9.67,1
13.5,28.5,82,140,509,19.01,62.24,146,0,1.1,1,3,5.83,0
12.4,31.9,74,124,455,17.01,62.07,175,0,1,2,2,4.06,1
13.1,26.8,76,118,425,14.17,72.04,190,0,1,1,0,9.88,1
11.6,33.6,66,110,436,14.66,67.44,161,0,0.7,2,0,7.84,1
10.5,42.9,73,115,618,15.75,77.76,160,0,0.7,1,0,6.78,1
11.7,38.7,-200,138,747,15.47,96.71,173,0,0.8,2,4,8.9,1
12.2,37.2,69,130,693,14.26,75.14,188,0,-200,2,0,12.97,1
12.9,33.9,71,110,691,17.02,69.27,118,1,0.7,1,1,13.13,0
11.3,40.3,98,150,1013,15.8,71.54,137,1,1.1,1,0,9.88,1
11.9,38.4,115,160,1311,15.07,104.13,108,1,2.6,1,3,11.92,0
13.3,35.6,130,150,1675,15.37,88.93,171,0,4,2,0,14.63,1
16.3,28.8,150,140,1689,15,82.03,133,0,4.2,2,0,8.99,1
17.9,28.2,159,130,1688,16.78,84.43,131,0,4.7,1,0,6.85,1
18.3,26.6,146,130,1548,13.74,84.46,168,0,3.9,1,0,17.4,1
20.8,22.5,138,110,1490,14.31,76.51,168,0,3.7,0,0,19.14,0
22.4,20,128,150,1354,15.67,63.88,173,0,3.4,2,1,20.04,1
20.9,21.7,97,165,1014,14.63,81.1,124,0,2.2,1,3,31.71,0
19.1,26.5,91,128,831,14.95,73.61,150,0,1.9,1,1,33.56,0
18.1,30.6,81,140,699,15.31,75.79,182,0,1.6,2,0,28.88,1
17.3,34.7,99,128,926,14.18,77.87,131,1,2.1,1,3,24.86,0
15.8,40.4,101,130,928,13.06,77.72,142,1,2.2,1,0,19.67,0
15.9,42,106,150,1038,19.54,66.89,154,0,2.7,1,3,12.62,0
15.9,43.5,102,140,1035,14.6,74.57,122,1,2.4,1,3,18,0
15,46.1,84,122,789,23.13,89.1,174,0,1.3,2,0,25.29,1
15.1,44.6,81,110,692,19.01,110.34,158,0,1.2,2,2,24.52,0
14.9,43.5,91,120,764,17.01,82.53,103,0,1.5,1,1,10.27,0
14.8,41,82,110,639,14.17,108.01,158,0,1.3,2,0,14.44,0
14.8,40.8,64,135,541,14.66,92.94,127,0,1,1,1,19.13,0
14.8,40.8,70,132,678,15.75,87.3,159,1,0.9,2,1,21.52,1
14.2,36.1,-200,150,381,15.47,89.06,137,1,0.5,1,0,19.09,1
14.5,36.1,26,128,343,14.26,51.61,159,0,0.5,2,1,14.84,1
14.6,36,58,150,436,17.02,91.13,174,0,0.6,2,0,13.23,1
14.4,38.5,93,125,688,15.8,88.69,131,1,1,1,0,4.32,0
13.8,58.2,110,132,1438,15.07,108.92,132,1,3.1,1,1,9.67,0
13.2,61.1,115,125,1489,15.37,89.63,166,0,4.1,1,0,7.84,1
10.4,74.4,125,135,1093,15,55.27,161,0,2.2,1,0,7.24,1
11.5,71,118,180,965,16.78,97.88,150,1,1.7,1,0,7.45,0
12.2,70,109,154,1004,13.74,128.56,164,0,1.9,2,1,9.11,0
12.3,73.3,123,140,1166,14.31,103.63,160,0,2.9,2,0,8.56,1
11.3,78.1,114,142,991,15.67,102.16,160,1,2.2,0,0,6.33,1
13.6,69.2,114,112,1054,14.63,89.53,125,0,2.6,1,0,4.57,1
14.9,59.3,119,138,1192,14.95,101.92,182,0,3.1,2,0,7.33,1
15.7,50.9,111,142,1055,15.31,117.99,160,1,2.3,0,0,6.19,1
15.2,52.9,103,130,1048,14.18,115.79,175,0,2.4,1,0,97,1
15.5,50.8,103,108,1073,13.06,189.12,152,0,2.8,2,0,22.3,0
14.3,52.9,107,118,1068,19.54,88.37,149,0,2.7,1,1,13.04,1
13.2,56,105,120,1019,15.37,96.64,140,1,2.3,1,1,2.79,0
12.6,57,91,130,833,13.18,98,172,0,1.5,2,0,6.11,1
12.3,57.8,79,200,759,14.75,93.31,133,1,1.4,0,2,8.1,0
12,58.4,79,180,749,15.01,104.89,117,1,1.2,1,0,5.8,0
12,61.6,86,132,978,14.26,109.34,159,1,1.6,2,1,4.59,1
11.5,63.9,70,120,944,14.56,70.25,120,1,1.2,1,0,4.99,0
10.7,67.2,55,112,891,27.64,103.17,153,0,1.1,2,1,6.19,0
9,73.1,-200,110,849,24.55,185.77,108,1,0.9,1,1,1.99,0
10.2,66.6,49,120,790,29.07,84.48,170,0,0.7,2,0,9.1,1
11,63.7,50,120,852,18.59,89.41,139,0,0.9,1,3,19.02,0
9.6,68.8,67,130,987,39.33,64.61,132,1,1.7,1,2,12.72,0
9.5,69.6,94,105,1435,45.76,65.35,168,0,4.2,2,1,9.03,1
11.9,60.9,119,120,1798,32.28,52.18,139,0,6.2,1,3,13.68,0
16.2,48.6,139,148,1677,38.54,75.13,161,0,4.6,2,1,13.65,0
19.2,39.6,113,140,1282,58.68,83.65,162,1,2.8,2,1,32.1,0
19.7,38.4,88,125,871,8.29,220.49,144,0,1.6,1,4,28.92,1
20.6,36.7,73,152,759,25.03,242.66,172,0,1.7,2,1,7.21,1
21.8,33.9,73,148,790,51.84,114.78,161,0,1.7,2,1,3.16,0
-200,-200,72,112,-200,68.21,92.92,165,0,1.7,1,1,1.15,0
-200,-200,81,130,-200,52.65,91.66,149,0,1.9,2,0,10.02,1
-200,-200,93,160,-200,28.89,138.4,145,0,2.3,0,3,9.27,0
23.6,27.5,106,124,1187,38.27,38.82,163,0,3.3,2,0,5.39,1
22.8,32.1,132,178,1399,49.5,49.18,145,0,4.2,0,0,115.75,1
20.8,36.7,164,160,1644,48.43,56.42,131,0,5.5,1,1,124.5,1
18.3,40.9,161,150,1599,50.03,60.36,157,0,4.9,1,2,129.06,0
16.8,44,124,155,1223,58.87,54.45,148,0,2.5,2,0,135.32,1
15.8,48,113,124,1200,106.93,53.5,136,1,2,1,0,104.09,0
14.9,52,103,138,1118,23.71,41.64,160,0,2,2,0,114.84,1
14.1,54.4,104,108,1067,39.19,32.36,167,0,2,2,0,114.86,1
13.3,58.8,93,140,1048,40.07,29.98,116,0,1.3,1,0,113.56,1
13.3,60.9,60,120,718,58.41,33.3,158,0,1,1,0,140.2,1
11.8,64.3,-200,120,797,43.73,56.51,172,0,0.9,2,0,130.52,1
11.2,65.9,52,120,749,43.28,88.85,144,0,-200,2,0,125,0
11.3,72.9,66,170,737,36.52,111.68,155,0,0.7,1,0,121.77,1
11.4,71.8,82,128,903,49.52,114.06,130,1,1.1,1,2,139.36,0
11.9,73.7,109,140,1159,48.49,116.93,180,0,2.6,2,0,181.64,1
12.6,70.2,114,140,1365,67.39,84.19,157,0,3.9,1,0,208.86,1
13.6,65.3,139,134,1510,75.23,98.53,162,0,5,2,2,141.22,0
16.9,52.3,127,125,1386,55.04,84.16,152,0,3.3,0,1,102.77,1
19.4,44.1,127,110,1368,33.79,71.82,168,0,2.9,0,0,115.27,0
22.9,33.8,135,130,1347,25.73,80.51,109,0,3.1,1,3,131.48,0
23.6,31.3,130,106,1242,32.66,133.48,142,0,3,2,2,99.74,1
24.7,30.5,126,120,1138,67.41,116.54,157,0,2.7,2,0,98.94,1
26.1,27.3,121,118,1080,80.09,98.49,151,0,2.7,2,1,109.65,1
27.6,22.8,122,140,1002,54.28,160.68,146,0,2.6,1,3,129.81,0
26.9,22.3,138,122,1212,48.73,102.05,116,1,3.7,1,2,167.62,0
24.3,30.1,165,132,1486,35.91,100.33,136,1,4.5,1,0,172.04,0
21.2,40.1,154,130,1567,66.58,99.73,152,0,4.7,0,0,171.56,1
19.4,42.5,168,100,1723,65.91,104.22,156,0,5.5,2,1,141.83,0
18.5,43,146,125,1399,80.43,109.8,163,0,3,1,2,147.74,0
17.8,47,124,140,1291,99.72,124.44,162,1,1.9,2,1,152.59,0
16.8,53.2,124,122,1443,69.71,180.27,186,0,2.3,2,0,147.95,1
17.1,51.8,106,94,1270,73.23,138.6,179,0,1.6,2,0,167.75,1
16.2,54.2,88,120,1110,54.7,139.21,71,0,1.3,1,0,171.47,0
15.1,58.2,83,130,1060,43.11,154.09,131,0,1.2,1,0,170.21,1
15.1,57.6,-200,155,965,84.86,121,148,0,0.9,2,0,192.2,1
14.5,58,74,120,891,101.53,80.56,173,0,0.8,1,0,175.16,1
13.7,61.6,64,112,905,84.87,103.75,153,0,0.8,2,1,138.6,0
13.9,59.6,69,132,899,62.96,75.68,105,1,0.9,1,1,109.33,0
13.3,61.7,91,138,1136,89.07,62.83,160,0,2,2,0,131.62,1
15.1,55.8,96,110,1391,61.54,104.23,159,0,3,2,0,108.83,1
17,50.5,106,130,1460,32.76,91.04,168,0,3.1,1,0,109.82,1
19.7,43.3,-200,160,1410,28.44,90.13,163,0,-200,2,1,137.48,1
20.7,41.7,-200,120,1372,29.48,160.43,194,0,-200,0,0,174.75,1
23.3,35.8,-200,135,1266,39.71,94.55,170,0,-200,2,0,162.69,1
23.8,30.5,-200,145,1014,62.75,124.59,142,1,-200,1,2,151.97,0
24.8,27,-200,118,870,78.76,92.5,174,0,-200,2,0,145.68,1
25,27.5,-200,112,905,29.29,86.29,153,0,-200,2,1,132.66,0
25.8,26.5,-200,125,991,30.28,104.21,141,1,-200,1,1,146.64,0
25.1,27.1,-200,150,1076,50.35,88.5,171,0,-200,2,0,155.95,1
23.7,28.6,-200,152,1249,38.85,84.47,178,0,-200,1,0,153.97,1
22.1,36.8,-200,130,1548,54.2,73.54,109,0,-200,1,3,182.54,0
19.9,47.5,-200,140,1300,70.29,53.89,157,0,-200,1,0,125.01,1
18.7,50.4,-200,146,1029,64.39,60.08,105,0,-200,1,1,129.99,0
18.1,51.3,-200,101,1207,67.53,53.13,156,0,-200,2,0,115.53,1
17.5,53.8,-200,140,1047,48.33,71.3,180,0,-200,2,0,100.34,1
16.7,56.5,-200,130,923,43.62,37.9,155,0,-200,2,0,104.45,1
15.9,59.2,-200,120,862,59.23,78.18,120,1,-200,1,0,117.3,0
15.2,62.4,-200,132,752,58.33,56.35,132,1,-200,1,1,116.14,0
14.7,65,-200,140,791,53.62,59.66,178,1,-200,2,0,132.84,1
14.3,65.3,-200,125,697,61.31,114.6,131,1,-200,1,0,141.85,0
13.7,66.5,-200,164,664,66.44,74.48,90,0,-200,1,2,142.86,0
12.9,69.1,-200,145,891,75.8,81.11,146,1,-200,1,0,138.14,0
13.7,64.8,-200,122,813,65.77,100.39,116,1,-200,1,2,137.31,0
15.3,59,-200,120,828,50.98,39.97,121,1,-200,2,1,155.73,1
18.1,49.8,-200,108,1057,64.32,53.61,169,1,-200,1,2,143.38,0
21.5,40.7,-200,160,1011,79.71,63.06,112,1,-200,1,1,131.14,0
23.3,37.1,-200,108,932,46.89,46.17,169,1,-200,1,2,131.86,0
25.1,33.8,-200,145,881,142.36,61.24,132,0,-200,1,2,135.97,0
25.6,32.1,-200,148,646,96.28,41.81,161,0,-200,2,1,140.66,0
25.8,31.1,-200,140,536,57.34,55.09,164,1,-200,2,0,147.48,1
26.1,30.8,-200,138,746,51.58,65.54,173,0,-200,2,4,152.59,1
24.4,36,-200,120,833,62.42,41.04,160,0,-200,1,0,130.36,0
23,36.2,-200,140,802,100.48,49.71,179,0,-200,2,2,119.52,1
22.1,39.3,-200,130,838,40.36,44.75,97,0,-200,1,1,115.65,0
19.8,44.6,-200,140,1051,38.21,45.84,120,1,-200,1,2,100.54,0
18.5,48.9,-200,120,1041,26.32,76.36,172,0,-200,2,0,101.1,1
16.6,56.1,-200,140,646,35.54,44.79,179,0,-200,2,2,116.89,1
15.8,58.8,-200,130,769,87.43,50.16,179,0,-200,2,0,120.05,1
15.3,60.8,-200,110,785,66.39,49.07,130,0,-200,2,1,62.82,1
14.7,64.4,-200,112,613,59.16,46.06,132,1,-200,2,1,66.74,0
14.8,63.3,-200,136,430,34.53,52.82,125,1,-200,1,0,112.29,0
15,61.5,-200,145,485,8.08,53.39,132,0,-200,1,2,99.73,0
15.5,56.9,-200,180,467,17.66,59.44,117,1,-200,1,0,99.04,0
16,54,-200,132,436,15.84,71.01,136,1,-200,1,0,107.96,0
13.5,63.9,-200,128,682,25.9,59.98,130,1,-200,1,1,118.62,0
12.9,65.3,-200,170,927,13.59,50.7,146,1,-200,1,2,128.81,0
13.4,62.5,-200,140,1192,41.06,69.87,111,1,-200,0,0,97.19,0
14.5,58.8,-200,130,1615,31.56,61.53,142,1,-200,1,0,80.24,0
15.3,56.7,-200,120,1505,46.6,67.03,158,0,-200,1,0,94.12,1
15.6,57.4,124,115,1451,79.56,43.37,181,0,3.1,1,0,99.84,1
16.6,55.2,121,126,1409,50.09,60.05,163,0,3,2,0,106.7,1
17,54.3,114,130,1434,13.85,56.93,171,0,3.2,2,0,107.43,1
18,51.5,114,110,1457,24.79,44.14,158,0,3.1,2,2,107.25,0
19.5,47.5,106,152,1325,76.05,69,88,1,2.5,1,1,127.26,0
21.6,41.7,89,130,1120,65.44,43.53,150,1,2.1,2,2,115.95,0
22.2,38.3,82,138,931,85.42,16.63,106,0,2,1,3,107.74,0
20.3,42.8,111,134,1212,74.37,78.16,145,0,3.2,1,2,113.31,0
19.7,45.4,132,178,1353,118.35,83.27,145,0,4.1,0,0,116.06,1
18.8,47.5,121,140,1359,41.94,63.79,146,0,3.9,1,3,97,0
17.9,49.4,116,132,1273,77.74,50.27,173,0,3.1,2,2,83.16,0
17.5,50.9,100,120,1079,78.27,51.54,182,1,2,1,0,77.45,0
17.4,51.8,89,140,973,39.41,54.35,151,0,1.7,2,2,82.67,1
17,53.9,92,138,951,93.18,53.59,174,0,1.6,1,1,83.07,0
16.6,55.4,71,110,714,65.95,55.77,132,0,1,1,0,103.81,0
15.9,57,51,130,579,50.13,63.58,171,0,0.8,2,0,78.95,1
15,59.2,39,130,542,34.06,103.08,175,0,0.5,1,0,124.64,1
14.5,61.4,-200,138,562,22.27,78.25,125,1,0.5,1,1,113.56,0
14.1,61.6,35,125,526,15.5,77.84,168,0,0.5,2,2,102.46,0
14.6,58.8,64,130,659,20.13,69.99,143,0,0.8,1,0,80.09,1
14.4,58.9,94,174,1012,39.69,78.7,143,1,1.7,1,0,75.3,0
15.3,55.2,134,120,1564,54.69,59.96,172,0,4.5,2,0,80.85,1
16.2,52.5,129,138,1806,42.66,48.27,174,0,6.2,1,1,60.67,0
18.4,46.3,125,130,1604,27.96,44.81,131,0,4.4,1,0,63.05,1
19.6,41.8,107,138,1288,31.9,55.21,152,1,2.9,1,0,39.94,1
20.2,40.1,78,134,931,36.05,40.89,150,1,1.6,1,2,82.95,0
20.9,36.6,91,128,1162,70.13,41.59,105,1,2.6,1,1,80.01,1
20.4,34.7,116,120,1064,17.66,39.02,140,0,2.9,2,0,76.09,1
19.3,35.4,131,120,913,38.76,33.5,169,0,2.5,2,0,76.61,1
18.6,36.9,113,150,684,52.07,39.42,128,0,1.9,1,0,96.46,0
18.8,36.8,98,108,710,36.23,46.84,152,0,1.9,2,0,94.25,0
17.5,40.6,116,130,923,17,51.63,122,0,2.7,1,2,95.41,1
16.8,44.3,120,112,1006,30.67,38.12,125,0,3,1,0,77.62,1
16.3,47.7,126,130,1083,41.12,27.79,175,0,3.3,1,0,71.26,1
15.6,50.7,126,120,1161,26.4,36.27,99,1,3.2,1,2,81.51,0
15.7,49.4,90,120,800,41.96,76.41,182,0,1.8,2,0,67.22,1
15.8,48.6,81,150,647,23.67,62.72,114,0,1.3,0,0,60.35,1
15.7,47,74,130,649,14.46,48.12,103,1,1.1,0,0,52.51,0
15.7,45.9,67,126,575,12.85,36.8,163,0,0.9,2,0,52.07,1
15.6,44.9,46,110,455,14.91,41.37,153,0,0.7,2,0,55.8,1
15.6,44.4,30,130,392,15.33,302.08,174,0,0.4,1,1,52.92,0
16.1,42.4,-200,138,340,46.82,37.15,152,0,0.3,1,0,52.06,1
15.7,45.4,19,125,320,41.68,59.76,131,1,0.3,1,0,55.96,0
15.3,50.1,32,138,331,71.97,71.94,182,0,0.3,2,0,54.59,1
14.2,58.6,61,138,426,18.64,47.95,125,1,0.8,1,1,45.57,0
14.3,58.2,111,114,830,7.76,55.91,140,0,2.8,0,3,71.75,0
15,52,102,112,1006,38.05,72.06,143,0,3.1,2,0,70.25,1
13.6,61.4,116,100,820,23.84,127.23,122,0,2.3,1,0,79.5,1
16.1,53.1,96,150,737,48.05,127.37,114,0,1.6,0,0,55.74,1
16.6,44.3,97,140,790,39.85,36.42,157,0,1.5,2,1,56.77,1
17.4,40.3,110,122,760,9.89,40.97,174,0,1.6,2,0,29,1
18.1,42.2,103,124,767,3.13,33.38,141,0,1.8,2,0,35.45,0
14.4,51.8,79,130,626,0.76,33.51,202,0,1.4,2,0,26.39,1
10.9,76.4,104,160,776,0.52,29.56,120,1,1.9,1,3,33.2,0
16.4,47.7,69,130,589,1.02,21.89,169,0,1.2,2,0,23.83,0
18,37.1,96,125,872,0.81,44.87,168,0,2.3,2,2,34.11,0
14.7,48.7,121,118,996,1.05,33.16,151,0,3.3,2,1,27.27,1
11.3,71.3,129,120,1033,0.74,45.25,147,0,3.1,1,0,53.96,1
10,74,116,130,982,0.87,48.95,132,1,3.3,2,3,27.62,0
9.8,71.8,71,100,518,2.17,42.89,156,0,1.2,2,1,67.21,0
9.3,75.2,85,130,631,4.11,48.36,144,1,1.3,2,1,49.86,0
9.6,76,101,130,879,4.04,51.7,147,0,1.9,1,1,30.54,0
9.3,75,97,112,839,4.01,43.18,172,1,1.4,2,0,61,1
9,76.7,89,180,876,5.62,35.8,150,1,1.5,1,0,91.83,0
8.2,79.6,72,120,827,4.1,37.76,162,0,1.1,2,0,62.52,1
7.6,80.6,-200,170,781,4.99,38.1,140,1,0.8,0,0,66.54,0
8.3,75.6,57,164,699,10.86,39.43,90,0,-200,1,2,38.34,0
8.1,72.1,62,120,723,12.28,51.78,120,1,0.8,1,0,33.83,0
8.1,70.4,64,140,797,11.09,63.4,155,0,1.1,1,0,30.98,0
8.1,70.5,80,150,1138,12.31,58.21,154,0,2.6,1,3,64.52,0
9.9,64.3,118,128,1605,13.91,47.83,156,1,5.1,1,0,53.85,0
13,54.2,130,125,1569,5.27,53.64,171,0,4.2,2,2,56.36,0
16.5,42.6,113,200,1319,8.09,48.18,133,1,2.6,0,2,39.45,0
19.3,34.2,112,135,1198,7.31,56.75,170,0,2.4,2,0,37.71,1
21.5,27.4,96,105,958,5.72,41.21,154,1,2.1,1,0,53.85,1
20.4,26.7,125,135,1068,6.78,37.33,161,0,2.6,1,0,33.83,1
20.6,22.6,128,140,1010,9.33,28.74,155,1,2.8,0,0,50,0
20.6,24.8,101,140,928,7.93,34.05,179,0,2.5,2,2,74.4,1
21,25.4,95,118,816,10.05,28.94,140,0,1.9,1,0,36.29,0
21.5,24.5,138,126,1216,10.87,25.06,156,1,3.6,2,0,43.83,0
19.3,28.6,154,120,1463,10.28,32.05,158,0,4.6,1,0,36.29,1
18,32.9,171,152,1791,10.25,44.02,150,0,6.3,1,0,54.19,0
15.8,39.8,136,112,1425,12.7,48.73,132,1,4.3,2,1,42.22,0
15.3,41.5,93,126,922,10.07,43.54,156,1,1.6,2,0,62.11,0
14.1,46,99,130,971,11.09,28.66,168,0,1.4,1,0,54.13,1
-200,-200,106,120,-200,7.73,31.01,130,1,2,1,0,55.03,0
-200,-200,109,160,-200,7.8,33.95,162,0,2.4,2,2,45.09,1
-200,-200,97,110,-200,10,33.7,126,1,1.8,1,0,28.33,1
-200,-200,83,94,-200,16.31,48.21,154,1,1,2,1,103.42,1
-200,-200,-200,128,-200,18.93,40.66,131,1,1,1,3,54.42,0
-200,-200,79,128,-200,18.99,38.65,150,0,1,1,1,81.18,0
-200,-200,84,140,-200,11.28,49.47,153,0,0.9,1,0,41.25,1
-200,-200,86,120,-200,10.29,33.2,96,0,1.5,2,0,77.6,1
-200,-200,111,110,-200,1.28,34.52,132,0,2.6,1,0,56.44,0
-200,-200,117,130,-200,14.58,44.57,163,0,2.9,2,0,66.25,1
-200,-200,122,120,-200,13.62,58.92,130,1,2.7,1,0,37.35,0
-200,-200,119,112,-200,13.58,51.03,138,0,2.4,1,0,41.96,1
-200,-200,121,150,-200,15.11,45.77,114,0,2.6,0,0,44.72,1
-200,-200,127,125,-200,11.52,38.22,125,1,4.1,2,1,72.18,1
-200,-200,135,156,-200,11.23,34.44,143,0,4.3,2,0,83.29,1
-200,-200,119,128,-200,11.56,28.8,130,1,2.2,1,1,74.79,0
-200,-200,137,130,-200,14.7,114.85,142,1,3.4,1,1,84.96,0
-200,-200,139,135,-200,12.95,20.8,161,0,3.6,1,0,61.1,1
-200,-200,117,108,-200,19.8,22.14,147,0,2.5,2,3,57.28,1
-200,-200,127,140,-200,8.27,19.66,158,0,2.8,2,0,72.82,0
-200,-200,137,115,-200,13.48,22.3,185,0,3.4,2,0,70.21,1
-200,-200,127,152,-200,13.62,22.33,172,0,3,2,1,55.74,1
-200,-200,107,120,-200,5.69,18.54,115,0,2.1,1,0,31.22,1
-200,-200,102,120,-200,9.23,17.91,121,1,2.4,2,1,29.24,1
12,67.9,95,150,1151,6.28,16.28,157,0,2.3,1,2,24.79,0
12,66.9,79,124,975,6.77,21.06,166,0,1.3,1,0,35.39,0
11.5,70.1,78,130,1034,8.66,20.82,163,0,1.7,2,0,47.81,1
11.4,69.8,75,140,980,9.95,18.18,120,1,1.7,1,2,57.11,0
11.1,69.3,-200,135,825,9.74,21.41,161,0,1,1,0,68.27,1
10.8,70.3,52,120,807,8.92,24.51,170,0,0.8,2,0,103.88,1
10.2,73.4,55,112,842,11.73,28.15,160,0,1,2,1,107.31,0
10.8,70.5,65,94,950,11.23,23.65,154,1,1.4,2,1,69.96,1
11,71,72,108,1024,8.21,25.32,175,0,1.7,1,0,78.11,1
12.4,64,76,128,1098,6.41,25.87,156,1,2,1,0,68.72,0
15,53.1,84,129,1011,9.17,22.62,163,0,2,2,0,55.59,1
16.6,44.4,90,110,931,9.64,21.12,142,1,1.9,1,1,59.46,0
18,38.4,89,120,811,10.65,21.79,129,1,2.1,1,2,55.66,0
20.6,30,87,125,756,9.33,18.87,171,0,1.8,2,2,50.06,0
19.9,26.7,88,128,607,10.37,22.11,161,1,1.5,2,1,43.47,0
19.8,23.1,81,140,498,10.76,24.07,180,0,1.3,2,0,45.11,1
21.4,22.7,89,112,540,12.39,25.9,172,1,1.4,2,0,60.89,1
22.1,21.3,91,130,544,11.68,29.8,132,1,1.5,2,3,48.26,0
21.1,24.5,104,125,620,12.96,29.37,144,0,1.7,1,4,54.97,1
18.3,31.6,111,102,740,4.73,33.95,160,0,2,2,1,33.5,1
16.1,35,129,100,921,8.86,31.13,143,1,2.5,1,0,49.43,1
14.8,41.5,133,140,1033,7.05,58.28,158,0,2.4,2,0,49.14,0
13.2,50.3,115,117,984,10.9,63.92,160,1,2,2,2,46.59,0
12.3,55.5,125,120,1193,10.02,73.89,169,0,2.9,2,0,41.99,1
11.8,56.6,117,125,1219,4.23,79.37,144,0,2.5,1,4,38.79,1
11.2,56.2,84,130,913,5.96,78.64,155,0,1.4,2,0,69.33,1
11,56.6,63,160,750,3.69,122.92,151,0,1.2,2,0,48.97,1
9.3,64.3,68,130,772,6.45,160.05,180,0,1,1,0,41.01,1
8.8,66,-200,120,712,6.13,113.9,140,0,1,2,0,32.02,1
7.8,70.4,52,130,712,8.87,126.66,149,0,-200,2,0,26.94,1
7.7,70.7,49,124,727,9.89,116.02,175,0,0.7,2,2,38.25,1
7.4,71,49,120,746,6.88,96.65,96,1,0.8,0,1,38.17,0
8.2,66.6,52,160,733,8.56,110.05,138,0,0.9,2,0,30.98,1
8.7,64.3,58,105,727,15.13,109.84,172,0,1.1,2,0,25.24,1
13,47.9,51,130,642,8.73,140.06,169,0,1,2,0,30.86,0
17.4,35.4,77,150,810,11.63,109.11,112,1,1.6,1,1,29.97,0
20.2,29.2,90,130,851,8.1,107.26,163,0,1.8,2,0,26.62,1
22.7,22.9,118,130,911,7.92,105.87,163,0,2.6,2,0,24.01,1
22.3,22.4,70,150,611,11.58,101.86,162,0,1.1,2,0,28.62,1
22.2,18.9,35,140,368,11.63,96.15,144,1,0.6,2,2,41.47,0
22,19,46,110,369,5.85,88.58,143,1,0.9,1,1,49.26,0
21,23.6,58,110,394,8.82,129.98,143,1,1,1,1,35.5,0
19.6,27.4,61,144,415,9.2,103.71,141,0,1.2,1,2,47.61,0
17.9,30.8,80,101,469,8.28,121.11,156,0,1.4,2,0,50.6,1
16.4,35.3,93,110,607,12.59,82.49,130,0,2,2,1,62.29,1
15.6,37.5,78,135,498,9.51,72.93,132,0,1.1,1,0,56.44,1
15.5,36.7,76,138,481,5.98,94.08,152,1,1.1,1,0,68.97,1
14.5,39,74,150,465,3.69,82.88,154,1,1.1,1,0,82.27,0
14.2,38.2,81,150,478,7.72,88.69,114,0,1.1,1,3,46.76,0
13.7,38.3,58,130,366,4.83,82.52,139,0,0.7,2,0,80.26,1
14.1,34,59,100,332,7.47,72.11,143,1,0.6,1,0,76.32,1
14.6,34,54,145,346,9.6,78.48,146,1,0.7,1,0,98.01,0
14.4,32.8,-200,123,350,13.73,103.22,95,1,0.6,1,2,112.48,0
13.9,30.9,25,134,274,10.96,70.39,162,0,0.3,2,2,91.71,0
13.5,37.9,26,118,263,15.63,107.9,192,0,0.3,2,0,51.48,1
13.9,43.6,49,120,314,15.44,117.08,144,1,0.4,0,0,70.1,0
13.5,50.1,53,146,367,27.32,162.18,105,0,0.5,1,1,75.21,0
13.3,53.6,57,130,432,25.59,205.21,122,0,0.6,1,2,80,1
13.4,56,73,120,536,6.98,165.37,169,0,0.8,0,0,72.48,1
13,59.6,78,150,555,32.74,110.7,165,0,1,2,0,52.91,1
12.7,62.7,93,160,677,19.37,143.72,145,1,1.3,1,1,40.15,0
12.1,60.5,71,125,557,31.75,91.56,163,0,1.1,1,2,57.71,0
11.2,64.4,56,140,421,24.88,133.13,122,1,0.6,1,3,28.72,0
10.7,67.6,60,138,423,26.35,143.52,106,0,0.7,1,3,19.96,0
11.4,61.2,77,120,519,79.47,83.28,103,0,1.2,1,1,15.83,0
9.9,70.5,82,110,533,25.44,75.58,126,1,1.4,1,1,16.42,0
10.3,65.2,77,110,537,30.06,93.73,126,1,1.2,1,1,20.5,0
11,58.9,91,144,612,21.89,127.46,141,0,1.3,1,2,45.04,0
10.6,59.5,93,120,697,17.89,98.6,96,0,1.8,2,0,23.71,1
10.6,57.7,82,134,573,22.59,84.71,145,0,1.2,1,2,24.61,0
10.6,56.1,74,128,489,26.09,86.52,140,0,0.8,2,0,32.52,1
10.3,58,68,135,474,24.66,90.1,132,0,0.8,1,0,14.17,1
10.4,58.4,65,150,455,39.15,68.52,114,0,0.8,1,3,22.96,0
10.7,58.2,58,170,433,34.03,86.43,159,0,0.7,1,0,27.28,0
10.5,59.9,36,115,376,94.3,70.51,181,0,0.5,1,0,7.8,1
10.5,60.8,29,120,360,42.08,78.48,129,1,0.3,1,2,32.62,0
10.6,63.1,-200,145,384,34.4,63.75,150,0,0.4,0,0,40.74,1
11.1,60.1,28,124,363,44.91,68.3,136,1,0.3,1,0,60.26,0
10.1,68.4,68,112,525,27.73,91.23,160,0,0.7,2,1,43.47,0
10,68.7,99,130,873,46.09,92.74,131,0,1.6,1,0,23.92,1
11,64.2,130,142,1399,20.47,96.58,111,1,3.9,2,0,43.47,1
12,58.1,128,150,1501,22.94,91.37,112,1,4.5,1,1,57.46,0
12.8,52,120,130,1186,44.92,88.02,179,1,2.7,2,0,81.89,1
12.6,50.8,93,94,911,37.31,96.82,154,1,1.6,2,1,69.22,1
13.8,47.4,96,110,919,19.08,96.89,158,0,1.6,1,0,62.75,1
15.1,42.7,84,110,791,13.73,109.2,114,1,1.6,1,0,76.16,0
16.3,38.1,87,124,751,1.38,94.95,141,0,1.5,2,0,78.68,0
16.6,36.7,87,140,805,1.61,75.42,160,0,1.8,0,2,86.08,0
15.8,40.5,103,140,966,1.7,73.07,155,1,2.1,0,0,71.36,0
16.3,41.8,88,128,869,1.6,98.25,140,0,1.7,2,0,81.43,1
16.1,42.8,118,105,1196,1.57,118.16,154,1,3,1,0,101.05,1
15.3,46.8,134,156,1523,1.6,95.4,143,0,4.6,2,0,89.38,1
14.7,47,144,115,1579,1.63,70.04,185,0,5,2,0,81.43,1
14.1,49.6,129,148,1370,1.69,56.71,178,0,3.5,2,2,71.95,1
13.5,54.1,108,170,1204,1.42,59.4,146,1,2.1,1,2,75.5,0
12.3,59.2,104,140,1201,1.44,54.75,138,1,2.1,2,1,82.62,0
11.6,62.2,90,140,1122,1.53,62.18,160,0,1.5,0,2,66.97,0
11.5,61.4,74,130,1003,1.8,238.42,144,1,1.1,2,1,67.4,0
10.9,64.6,73,140,918,1.4,125.16,160,0,0.9,2,0,69.39,1
11.1,63.2,60,138,836,0.9,106.45,125,1,0.7,1,1,66.97,0
10.7,64.4,-200,135,759,1.32,92.45,172,0,0.4,2,0,49.21,1
10.7,63.8,57,130,755,14.6,111.75,150,0,-200,2,0,34.83,1
10.2,65.8,62,128,820,23.13,106.19,150,0,0.9,1,1,52.84,0
10.3,65.6,71,130,998,19.01,72.1,179,1,1.6,2,0,80.97,1
10.8,64,94,124,1403,17.01,79.15,109,1,3.9,1,1,71.42,0
13.3,55.6,99,100,1641,14.17,94.8,143,1,5,1,0,50.33,1
15.8,46.8,119,125,1534,14.66,80.14,144,0,4.3,1,4,50.18,1
19.5,34.4,103,118,1257,15.75,89.14,151,0,2.7,2,1,50.51,1
21.1,30.2,95,140,1026,15.47,68.29,111,1,2.1,0,0,60.44,0
18.4,34.2,95,136,993,14.26,67.75,125,1,2.1,1,0,45.81,0
21,30.6,-200,118,919,17.02,80.54,126,0,-200,2,3,37.31,0
21.4,28.7,-200,138,1032,15.8,110.71,160,0,-200,2,0,34.75,1
21.3,27.3,-200,172,1077,15.07,147.57,162,0,-200,2,0,41.04,1
20.4,30.4,-200,125,883,15.37,131.5,125,1,-200,2,1,42.61,1
18.7,34.8,-200,140,1036,15,102.12,186,1,-200,2,0,37.07,1
18.6,34.7,-200,145,1144,16.78,115,125,1,-200,0,0,30.1,0
17.9,35.8,-200,138,1212,13.74,84.84,182,0,-200,2,0,41.43,1
16.5,42.1,-200,112,1486,14.31,74.62,165,0,-200,1,1,39.67,0
14.8,49.7,-200,160,1440,15.67,89.72,125,0,-200,2,0,56.44,0
13.4,54.3,-200,140,1242,14.63,84.03,170,0,-200,1,2,109.35,0
13.4,54.2,-200,132,1089,14.95,82.79,105,1,-200,1,1,163.06,0
12.3,57.6,-200,138,993,15.31,76.38,182,0,-200,2,0,122.89,1
11.6,58.8,-200,138,862,14.18,66.01,125,1,-200,1,1,184.84,0
10.7,62.3,-200,150,815,13.06,116.42,162,0,-200,2,0,172.08,1
10.2,63.2,-200,128,714,19.54,75.49,161,1,-200,2,1,157.38,0
10.5,61.3,-200,120,682,14.6,66.97,160,0,-200,1,0,122.69,0
9.3,65.8,-200,130,744,23.13,161.09,187,0,-200,0,0,116.44,1
9.1,67.4,-200,128,1050,19.01,124.45,161,1,-200,2,1,102.6,0
10.2,62.9,-200,120,1522,17.01,95.15,129,1,-200,1,2,76.61,0
11.6,58.7,-200,138,1623,14.17,73.58,174,0,-200,1,1,72.03,0
13.5,53.4,114,101,1638,14.66,86.32,156,0,3.9,2,0,48.93,1
15,49.3,127,120,1633,15.75,149.26,115,0,3.8,1,0,50.84,1
17.1,42.1,135,115,1654,15.47,70.06,181,0,3.8,1,0,63.47,1
18.4,36.9,135,120,1559,14.26,86.59,115,0,3.9,1,0,55.83,1
19.3,35.4,120,140,1374,17.02,74.12,173,1,3.5,2,0,34.05,0
19.2,35.7,129,112,1418,15.8,52.92,160,0,4,2,1,183.25,0
21.5,30.4,114,140,1228,15.07,47.26,158,0,3,2,0,155.98,0
19.6,34.6,129,170,1293,15.37,52.79,159,0,3.1,1,0,130.58,0
19.6,35.5,149,125,1642,15,63.68,168,0,5.2,2,2,125.33,0
18.3,44.1,149,160,1895,16.78,73.37,125,0,5.9,2,0,128.8,0
17.4,47.8,158,150,2086,13.74,55.24,171,0,7.3,2,0,167.05,1
16.8,49.8,148,112,1898,14.31,83.1,179,0,6.1,2,0,119.1,1
16.2,53.2,134,110,1758,15.67,76.87,153,0,4.6,2,0,115.41,1
14.9,59.1,111,120,1284,14.63,47.01,169,0,2.5,0,0,125.68,1
13.9,64,106,120,1075,14.95,54.77,178,0,2.2,2,0,65.58,1
13.7,66.8,108,130,1084,15.31,103.13,139,0,2,2,0,37.38,1
13.4,69.6,93,140,1049,14.18,117.59,182,0,1.9,2,0,53.23,1
12.8,71.9,83,170,1021,13.06,50.15,155,0,1.6,1,0,38.49,1
12.9,68.5,-200,140,778,19.54,94.1,148,0,1,1,0,36.56,1
11.9,74.8,69,160,948,14.6,105.03,125,0,1,2,0,68.71,0
11.6,76.4,77,130,988,23.13,46.5,132,1,1.2,1,2,64.84,0
11.7,75.3,87,140,1184,19.01,41.76,138,1,2,2,1,71.27,0
12.8,71,109,122,1600,17.01,46.91,165,0,4.5,1,0,97.64,1
13.8,61.1,116,120,1495,14.17,59.98,113,0,4.1,1,1,111.28,0
15.3,51.4,105,138,1188,14.66,82.79,182,0,2.6,2,0,115.5,1
16.6,48.7,106,132,1166,15.75,62.6,168,1,2.3,2,0,129.41,1
17.6,46.7,108,154,1219,15.47,72.53,164,0,2.6,2,1,164.24,0
19.2,42.7,100,130,1128,14.26,44.69,115,1,2.4,1,1,173.47,0
15.7,62.5,149,124,1373,17.02,54.18,166,0,4.3,1,0,160.66,0
14.5,75.7,148,145,1415,15.8,81.84,125,1,4.6,0,0,93.11,0
14.4,77.4,126,165,1302,15.07,46.48,124,0,4,1,3,43.67,0
14.6,74.9,140,120,1308,15.37,62.32,140,1,4.7,1,1,48,0
14.6,76,142,110,1449,15,37.26,126,1,5.7,1,0,46.57,1
14,76.3,141,150,1385,16.78,37.96,157,0,5.2,1,2,66.67,0
13.9,78,149,150,1492,13.74,34.1,154,0,6.4,1,3,100.01,0
13.8,78,140,128,1380,14.31,64.5,130,1,6,1,1,100.82,0
13.5,79.4,117,180,1167,15.67,50.97,154,1,3.4,2,0,112.7,1
13.1,80.1,103,110,1095,14.63,64.44,126,1,2.7,1,1,112.5,0
12.8,81,99,128,1105,14.95,51.5,156,1,3.1,1,0,107.69,0
12.7,80.6,100,140,1051,15.31,33.38,173,1,2.6,2,0,183,0
12.5,81.8,88,130,1009,14.18,42.11,97,0,2.2,1,1,183.15,0
12.7,81.2,83,178,972,13.06,46.35,145,0,1.9,0,0,190.73,1
12.4,82.4,-200,134,884,19.54,61.32,158,0,-200,2,1,152.44,1
12.6,79.9,-200,102,661,14.6,48.84,122,0,-200,1,0,97.29,1
12.8,80,-200,135,774,23.13,39.23,161,0,-200,1,0,154.02,1
12.6,79.9,-200,134,868,19.01,45.37,145,0,-200,1,2,159.49,0
12.5,79.6,-200,102,965,17.01,55.7,122,0,-200,1,0,125.4,1
12.8,80.8,-200,140,985,14.17,54.11,160,0,-200,0,2,129.57,0
13.5,78.1,-200,126,963,14.66,52.68,134,0,-200,1,1,143.69,0
14.6,74.9,-200,130,1069,15.75,44.12,155,0,-200,2,0,137.58,1
16.8,61,-200,120,864,15.47,46.52,96,1,-200,0,1,139.02,0
18.8,50.1,-200,140,641,14.26,57.06,178,0,-200,2,0,155.25,1
19.3,47.1,-200,120,740,17.02,84.14,162,0,-200,2,0,172.67,1
19.3,46.6,-200,120,532,15.8,52.24,99,1,-200,1,2,170.04,0
19.7,44.4,-200,144,572,15.07,62.44,126,1,-200,1,0,162.72,0
19.3,45.7,-200,140,630,15.37,66.97,163,0,-200,1,1,160.83,0
17.9,49.9,-200,136,608,15,75.05,152,0,-200,2,2,163.9,0
16.9,53.2,-200,120,644,16.78,60.5,130,1,-200,1,0,160.28,0
16.1,56,-200,104,833,13.74,88.33,148,1,-200,1,0,164.19,1
16.5,52.8,-200,112,923,14.31,78.11,132,1,-200,2,1,174.31,0
16.9,51.1,-200,120,790,15.67,62.04,144,0,-200,2,0,137.52,0
17,50.8,-200,135,961,14.63,73.98,127,0,-200,1,1,22.54,0
16.9,54.8,-200,130,1177,14.95,75.84,179,0,-200,2,0,19.98,1
16.3,57.2,-200,134,943,15.31,92.21,162,0,-200,2,2,33.04,0
16,56.2,-200,120,742,14.18,64.71,182,1,-200,1,0,69.23,0
15.6,60.2,-200,118,705,13.06,67.44,140,0,-200,1,0,84.99,0
14.6,68.2,-200,146,663,19.54,69.51,105,0,-200,1,1,81.9,0
14.3,69.6,-200,120,536,14.6,112.44,173,0,-200,2,0,121.25,1
13.8,71.9,-200,140,441,23.13,133.21,160,0,-200,2,0,142.65,1
13.8,72.7,-200,130,477,19.01,89.74,169,0,-200,2,0,135.61,0
14.2,72.3,-200,130,506,17.01,74.35,115,1,-200,1,1,114.53,0
14.5,72.9,-200,110,608,14.17,96.96,108,1,-200,1,1,87.25,0
14.2,75.6,-200,120,663,14.66,122.78,194,0,-200,0,0,127.1,1
14.5,77.2,-200,124,912,15.75,109.21,109,1,-200,1,1,145.06,0
14.9,74.5,-200,130,963,15.47,94.41,132,1,-200,1,2,154.73,0
15.5,67.4,-200,135,803,14.26,97.92,127,0,-200,1,1,136.71,0
16.7,56,-200,152,564,17.02,97.68,181,0,-200,2,0,140.9,0
17.1,55.5,-200,140,501,15.8,99.9,142,0,-200,2,1,189.28,1
16.2,62.4,-200,120,701,15.07,78.55,182,1,-200,1,0,230.27,0
17.4,58.9,-200,130,783,15.37,73.58,150,0,-200,2,0,187.83,1
17.5,54.6,-200,120,784,15,64.02,169,0,-200,0,0,196.3,1
17.5,54.2,-200,130,861,16.78,81.22,162,0,-200,2,1,184.73,1
17,55.1,-200,140,1156,13.74,75.74,158,0,-200,2,0,215.5,0
16.4,57.8,-200,142,1047,14.31,70.14,111,1,-200,2,0,219.63,1
15.8,60.4,-200,134,1034,15.67,67.2,162,0,-200,1,0,225.75,1
15.5,63.3,-200,140,962,14.63,225.49,123,1,-200,1,0,198.47,0
15,65.2,-200,136,1100,14.95,182.46,169,0,-200,1,0,193.4,1
14.5,67.3,-200,140,1047,15.31,95.69,151,0,-200,2,2,157.03,1
14.1,70.1,-200,120,874,14.18,93.12,140,0,-200,2,0,146.49,1
13.8,73.3,-200,178,747,13.06,64.3,165,1,-200,1,2,172.92,0
13.1,78.3,-200,120,589,19.54,81.71,162,0,-200,1,0,182.65,1
13,78.2,-200,152,635,14.6,66.39,172,0,-200,2,1,159.44,1
14.3,70.1,-200,160,671,23.13,92.59,163,0,-200,2,1,174.01,1
14,70.9,-200,145,992,19.01,84.47,125,1,-200,0,0,163.17,0
15.4,64.2,-200,132,1308,17.01,76.98,168,1,-200,2,0,173.27,1
16.5,57.9,-200,160,1303,14.17,46.04,108,1,-200,1,3,159.1,0
18.8,48,-200,130,893,14.66,37.55,97,0,-200,1,1,141.29,0
19.5,43.3,-200,135,715,15.75,33.97,170,0,-200,2,0,165.55,1
18.5,45.5,-200,138,685,15.47,35.48,152,1,-200,1,0,117.55,1
18,46.7,-200,130,947,14.26,34.11,143,0,-200,1,0,108.94,1
16.5,58.2,-200,130,1049,17.02,33.69,146,0,-200,1,3,63.23,1
12.1,75.6,-200,130,741,15.8,42.31,163,0,-200,2,0,40.61,1
11.1,75.6,-200,140,801,15.07,24.6,163,0,-200,1,1,49.07,0
10.5,79,-200,140,969,15.37,27.93,157,0,-200,2,1,70.71,1
10,80.5,-200,140,1038,15,41.39,151,0,-200,2,2,87.78,1
11.3,70.5,-200,136,889,16.78,46.79,169,0,-200,1,0,99.22,1
10.7,71.5,-200,100,879,13.74,51.63,122,0,-200,1,0,137.17,1
9.9,74,-200,108,846,14.31,63.15,147,0,-200,2,3,111.15,1
10.8,68.2,-200,140,712,15.67,57.47,123,1,-200,1,0,128.56,0
10.2,74,-200,108,747,14.63,50.27,175,0,-200,1,0,129.54,1
10.1,77.5,-200,140,791,14.95,42.02,116,0,-200,1,0,129.76,1
9.9,77.7,-200,128,637,15.31,48.74,130,1,-200,1,2,146.56,0
9.5,80.2,-200,120,553,14.18,46.51,96,0,-200,2,0,142.46,1
9.5,79.7,-200,140,449,13.06,48.1,155,1,-200,0,0,125.82,0
9.7,78.9,-200,120,485,19.54,41.38,172,0,-200,2,0,96.18,1
9.8,80,-200,138,540,14.6,46.46,173,0,-200,2,4,128.56,1
10,79.6,-200,172,685,23.13,39.68,162,0,-200,2,0,148.8,1
10.3,79.4,-200,118,925,19.01,38.27,190,0,-200,1,0,119.5,1
11,77.4,-200,125,1382,17.01,35.06,166,0,-200,1,0,121.81,1
12.3,69.2,-200,110,1645,14.17,30.07,161,0,-200,2,0,142.17,1
14.5,60.4,-200,118,1514,14.66,48.74,140,0,-200,1,0,130.91,0
16,56.3,-200,108,1509,15.75,35.3,169,1,-200,1,2,101.22,0
18.1,51.1,-200,128,1520,15.47,34.31,184,0,-200,2,0,64.61,1
23,37.5,-200,110,1471,14.26,33.97,177,0,-200,2,1,58.96,0
21.8,39.6,-200,142,1282,17.02,41.08,147,1,-200,1,3,72.77,0
21.9,37.2,-200,140,1004,15.8,25.56,148,0,-200,1,0,63.36,1
23.8,31.4,-200,118,714,15.07,26.75,140,0,-200,1,0,66.4,0
25.9,26.9,-200,106,940,15.37,32.71,142,0,-200,2,2,95.79,1
25.8,29.9,-200,128,1272,15,32.79,105,1,-200,1,1,106.73,1
22.6,39.5,-200,135,1526,16.78,28.02,161,0,-200,1,0,149.98,1
19.9,45,-200,130,1488,13.74,26.92,146,0,-200,1,3,121.35,1
17.9,47.4,-200,180,1475,14.31,69.38,117,1,-200,1,0,80.8,0
16.8,50.4,-200,154,1182,15.67,42.08,164,0,-200,2,1,52.83,0
16,52,-200,140,933,14.63,35.67,170,0,-200,1,2,39.26,0
14.2,59.1,-200,160,1001,14.95,63.09,162,0,-200,2,2,49.94,1
14.2,56.7,-200,120,756,15.31,46.13,178,0,-200,2,0,59.54,1
12.2,67.7,-200,117,952,14.18,57.49,160,1,-200,2,2,51.79,0
13.2,61.7,-200,110,808,13.06,49.23,159,0,-200,2,0,54.86,1
10.9,71,-200,132,779,19.54,70.03,143,1,-200,1,4,52.32,0
11.3,67.6,-200,110,717,14.6,60.03,142,1,-200,1,1,76.9,0
10.1,71.8,-200,120,779,23.13,49.43,173,0,-200,2,0,116.27,1
10.2,70.9,-200,134,1009,19.01,59.63,150,1,-200,1,2,87.51,0
11.8,66,-200,120,1595,17.01,53.13,113,0,-200,1,1,53.9,0
14,58.2,-200,136,1940,14.17,43.22,125,1,-200,1,0,59.01,0
17,50.2,-200,125,1628,14.66,44.75,163,0,-200,1,2,47.74,0
22.3,36.9,-200,145,1573,15.75,44.27,132,0,-200,1,2,50.79,0
24.4,30.9,-200,140,1187,15.47,47.77,178,0,-200,2,0,90.58,1
25.9,26.7,-200,112,900,14.26,47.88,132,1,-200,2,1,104.04,0
25.8,26.1,-200,108,800,17.02,47.71,147,0,-200,2,3,129.33,1
26.3,24.8,-200,140,770,15.8,34.72,142,0,-200,2,1,124.06,1
27,22.2,-200,128,758,15.07,37.99,130,1,-200,1,1,101.35,0
27.3,20.5,-200,140,886,15.37,41.69,165,0,-200,2,0,93.9,1
25.8,24.1,-200,120,1219,15,45.31,162,0,-200,1,0,69.14,1
25.3,28.9,-200,120,1725,16.78,43.48,162,0,-200,2,0,53.31,1
23.8,33.7,-200,152,1745,13.74,41.97,181,0,-200,2,0,49.43,0
21.4,36,-200,140,1600,14.31,38.49,173,1,-200,2,0,43.12,0
19.8,39.5,-200,128,1310,15.67,41.7,170,0,-200,2,0,53.08,1
19.2,42.1,-200,110,1208,14.63,42.43,168,0,-200,0,0,64.65,0
18.8,45.8,-200,114,1074,14.95,38.99,140,0,-200,0,3,48.09,0
17.1,50.8,-200,108,993,15.31,34.92,175,0,-200,1,0,46.96,1
16.2,53.4,-200,128,923,14.18,32.7,131,1,-200,1,3,51.83,0
16,53.5,-200,138,819,13.06,44.65,174,0,-200,1,1,60.54,0
14.3,59.2,-200,123,727,19.54,51.63,95,1,-200,1,2,70.3,0
13.3,62.6,-200,110,694,15.37,48.67,158,0,-200,2,0,65.16,0
13.4,59.5,-200,112,727,13.18,37.73,143,0,-200,2,0,60.07,1
12.2,64.1,-200,140,926,14.75,73.98,164,1,-200,2,0,72.26,1
13.9,57.2,-200,125,1194,15.01,52.55,141,1,-200,1,1,70.85,0
15.2,53.2,-200,110,1502,14.26,48.26,118,1,-200,1,1,62.5,0
19.2,41.6,-200,110,1743,14.56,46.8,159,0,-200,2,0,45.07,1
23.7,30.6,-200,120,1542,0,39.43,113,0,1.4,1,1,39.04,0
